Quadrigrama;Classificação
erosão serra espírito santo;EDUCAÇÃO/APRENDIZADO
não dá vontade sair;EVASÃO
forma erosão serra espírito;EDUCAÇÃO/APRENDIZADO
artesanato feito capim dourado;ENTRETENIMENTO
trilha serra espírito santo;ENTRETENIMENTO
não pode deixe conhecer;EVASÃO
não possível entrar água;EDUCAÇÃO/APRENDIZADO
cachoeira grande volume água;ESTETICA/CONTEMPLAÇÃO
duna forma erosão serra;EDUCAÇÃO/APRENDIZADO
pessoa não sabe nadar;ENTRETENIMENTO
pra não sabe nadar;ENTRETENIMENTO
não possível tomar banho;ENTRETENIMENTO
cachoeira linda água cristalina;ESTETICA/CONTEMPLAÇÃO
não quer ir embora;EVASÃO
rio água potável mundo;EDUCAÇÃO/APRENDIZADO
vale pena leve máscara;ENTRETENIMENTO
serra espírito santo fundo;ESTETICA/CONTEMPLAÇÃO
ver pôr sol duna;ESTETICA/CONTEMPLAÇÃO
água cristalina cor verde;ESTETICA/CONTEMPLAÇÃO
cachoeira linda água transparente;ESTETICA/CONTEMPLAÇÃO
madrugada ver nascer sol;ESTETICA/CONTEMPLAÇÃO
não dá tomar banho;EDUCAÇÃO/APRENDIZADO
fundo não dá pé;ENTRETENIMENTO
pôr sol maravilhosa vale;ESTETICA/CONTEMPLAÇÃO
água cristalina vale pena;ESTETICA/CONTEMPLAÇÃO
não esqueça leve lanche;ENTRETENIMENTO
água não deixe afundar;ENTRETENIMENTO
assistir pôr sol duna;ESTETICA/CONTEMPLAÇÃO
vale a pena visita lo;EVASÃO
ir jalapão não visita;ENTRETENIMENTO
não dá pra descrever;EVASÃO
areia não tão quente;ENTRETENIMENTO
jalapão não pra qualquer;-
alimentação água rio novo;ENTRETENIMENTO
loja artesanato capim dourado;ENTRETENIMENTO
viagem jalapão não pra;-
vista serra espírito santo;ESTETICA/CONTEMPLAÇÃO
encontrar artesanato capim dourado;ENTRETENIMENTO
água transparente temperatura agradável;ESTETICA/CONTEMPLAÇÃO
cachoeira linda vi vida;ESTETICA/CONTEMPLAÇÃO
não permitido tomar banho;ENTRETENIMENTO
visita região jalapão não;ENTRETENIMENTO
não pra qualquer pois;-
qualquer pois toda estrada;-
cachoeira impressionante cor água;ESTETICA/CONTEMPLAÇÃO
toda estrada asfalto ideal;EDUCAÇÃO/APRENDIZADO
asfalto ideal carro x;EDUCAÇÃO/APRENDIZADO
não ir jalapão não;ENTRETENIMENTO
dá vontade sair lá;EVASÃO
pôr sol duna não;ESTETICA/CONTEMPLAÇÃO
madrugada assistir nascer sol;ESTETICA/CONTEMPLAÇÃO
bastão caminhada ajudar bastante;ENTRETENIMENTO
água cristalina temperatura água;ESTETICA/CONTEMPLAÇÃO
nascer sol lá cima;ESTETICA/CONTEMPLAÇÃO
vale ressaltar viagem jalapão;ENTRETENIMENTO
rio novo maior rio;EDUCAÇÃO/APRENDIZADO
pois todo estrada asfalto;EDUCAÇÃO/APRENDIZADO
não sabe nadar não;ENTRETENIMENTO
não dá pra entrar;ENTRETENIMENTO
ressaltar viagem jalapão não;ENTRETENIMENTO
vale pena conhecer cachoeira;ENTRETENIMENTO
cristalina cor verde esmeralda;ESTETICA/CONTEMPLAÇÃO
estrada asfalto ideal carro;EDUCAÇÃO/APRENDIZADO
vale pena admirar beleza;ESTETICA/CONTEMPLAÇÃO
cachoeira tão linda água;ESTETICA/CONTEMPLAÇÃO
vale pena leve óculo;ENTRETENIMENTO
cachoeira tão linda água;ESTETICA/CONTEMPLAÇÃO
vontade ficar dia inteiro;EVASÃO
dá pra tomar banho;ENTRETENIMENTO
ver nascer sol subida;ESTETICA/CONTEMPLAÇÃO
não consegue afundar não;ENTRETENIMENTO
vale pena ver sol;ESTETICA/CONTEMPLAÇÃO
cachoeira maravilhosa água cristalina;ESTETICA/CONTEMPLAÇÃO
não pode tomar banho;ENTRETENIMENTO
pra qualquer pois todo;-
ir jalapão não conhecer;ENTRETENIMENTO
todo linda vale pena;ESTETICA/CONTEMPLAÇÃO
nunca vi nada igual;EVASÃO
indicado guia visita spots;ENTRETENIMENTO
reserva parque sombra dúvida;EDUCAÇÃO/APRENDIZADO
vale pena ir conhecer;EVASÃO
devido estado estrada todo;EDUCAÇÃO/APRENDIZADO
forma piscina menor perfeito;ENTRETENIMENTO
criança mente pal afundar;ENTRETENIMENTO
contato natureza renova energia;EVASÃO
grande destreza conhecer parte;ENTRETENIMENTO
água cristalina temperatura perfeito;ESTETICA/CONTEMPLAÇÃO
cachoeira jalapão queda metro;EDUCAÇÃO/APRENDIZADO
cachoeira bonito vale pena;EVASÃO
lá costela vaca não;-
nunca vi água tão;ESTETICA/CONTEMPLAÇÃO
vale pena ser feito;EVASÃO
satisfeita jalapão regional sensacional;EVASÃO
tirar foto apreciar natureza;ESTETICA/CONTEMPLAÇÃO
adorei ficar liga lenda;EDUCAÇÃO/APRENDIZADO
água não tão fria;ENTRETENIMENTO
ficar liga lenda criança;EDUCAÇÃO/APRENDIZADO
jalapão não visita duna;ENTRETENIMENTO
dúvida viagem ourique melhor;EDUCAÇÃO/APRENDIZADO
brasil vale pena visita;EVASÃO
jalapão não deixe conhecer;EVASÃO
manutenção estado exige carro;EDUCAÇÃO/APRENDIZADO
carro x motorista experiencia;EDUCAÇÃO/APRENDIZADO
inenarrável melhor não foto;EVASÃO
não quer sair lá;EVASÃO
tudo feito capim dourado;EDUCAÇÃO/APRENDIZADO
tanto quanto hora puder;-
paisagem linda vale pena;ESTETICA/CONTEMPLAÇÃO
local vale pena conhecer;EVASÃO
gostosa passeio vale pena;EVASÃO
cena filme deus brasileiro;EDUCAÇÃO/APRENDIZADO
espírito santo dificuldade moderada;ENTRETENIMENTO
lugar linda pôr sol;ESTETICA/CONTEMPLAÇÃO
não foto surpreende vê;ESTETICA/CONTEMPLAÇÃO
caminhada si atrativo dada;ENTRETENIMENTO
espírito santo ficar lado;ENTRETENIMENTO
agradável vale pena visita;EVASÃO
serra espírito santo melhor;ENTRETENIMENTO
feito capim dourado peça;EDUCAÇÃO/APRENDIZADO
"cristalina temperatura super agradável	";ESTETICA/CONTEMPLAÇÃO
pôr sol incrível vista;ESTETICA/CONTEMPLAÇÃO
rio novo localizada estrada;EDUCAÇÃO/APRENDIZADO
jalapão vale pena passar;EVASÃO
parte guia atrativo jalapão;EDUCAÇÃO/APRENDIZADO
ficar embaixo ducha subida;ENTRETENIMENTO
hospedagem correta restaurante piquenique;ENTRETENIMENTO
melhor banho cachoeira vida;EVASÃO
passar aqui lugar linda;ESTETICA/CONTEMPLAÇÃO
localizada estrada fazenda triago;EDUCAÇÃO/APRENDIZADO
vale pena não deixe;EVASÃO
duna jalapão experiência única;EVASÃO
não pode entrar cachoeira;ENTRETENIMENTO
única rio água potável;EDUCAÇÃO/APRENDIZADO
pôr sol devido chuva;ESTETICA/CONTEMPLAÇÃO
tranquilo não sabe nadar;ENTRETENIMENTO
meio cerrado jalapão encontrar;EDUCAÇÃO/APRENDIZADO
tente afundar não conseguir;ENTRETENIMENTO
pôr sol lá cima;ESTETICA/CONTEMPLAÇÃO
terra muita local areia;EDUCAÇÃO/APRENDIZADO
deliciosa falar presteza gentileza;ENTRETENIMENTO
correta restaurante piquenique deliciosa;ENTRETENIMENTO
estar lá passar tanto;ENTRETENIMENTO
aí algum dica estrada;ENTRETENIMENTO
pal afundar fervedouro gostosa;ENTRETENIMENTO
cheia peixinho experiência não;ENTRETENIMENTO
duna carro não x;ENTRETENIMENTO
balneário aconchegante belíssima atração;ESTETICA/CONTEMPLAÇÃO
final tarde ver sol;ESTETICA/CONTEMPLAÇÃO
bonito vale pena conhecer;EVASÃO
lá vale pena conhecer;EVASÃO
duna ficar ainda dourado;ESTETICA/CONTEMPLAÇÃO
vale pena conhecer curtir;EVASÃO
caminhada um minuto chegar;ENTRETENIMENTO
jalapão não deixe passar;EVASÃO
formiga além linda divertido;ESTETICA/CONTEMPLAÇÃO
mirante serra espírito santo;ESTETICA/CONTEMPLAÇÃO
criança adorei ficar liga;ENTRETENIMENTO
cristalina temperatura ótima pra;ENTRETENIMENTO
melhor não foto surpreende;ESTETICA/CONTEMPLAÇÃO
adv trips julgar oferta;-
vale pena conhecer duna;EVASÃO
artesanato capim dourado arte;EDUCAÇÃO/APRENDIZADO
destreza conhecer parte guia;ENTRETENIMENTO
peixinho experiência não afundar;ENTRETENIMENTO
espirito santo ver nascer;ESTETICA/CONTEMPLAÇÃO
venda artesanato feito capim;ENTRETENIMENTO
jalapão não pode perder;EVASÃO
formiga linda água transparente;ESTETICA/CONTEMPLAÇÃO
algum dica estrada terra;ENTRETENIMENTO
sol nascer lá cima;ESTETICA/CONTEMPLAÇÃO
novo maior rio água;EDUCAÇÃO/APRENDIZADO
trecho ondulação chamada lá;-
guia diretor rota manoel;ENTRETENIMENTO
jalapão queda metro largura;EDUCAÇÃO/APRENDIZADO
cachoeira velha maior cachoeira;EDUCAÇÃO/APRENDIZADO
ourique adv trips julgar;-
igual estar lá passar;ENTRETENIMENTO
carro x grande destreza;EDUCAÇÃO/APRENDIZADO
não afundar quer indescritível;EVASÃO
julgar oferta serviço interessante;EDUCAÇÃO/APRENDIZADO
aqui lugar linda caminhada;ESTETICA/CONTEMPLAÇÃO
duna areia meio cerrado;EDUCAÇÃO/APRENDIZADO
assídua visita reserva parque;ENTRETENIMENTO
ver nascer sol lá;ESTETICA/CONTEMPLAÇÃO
queda água pequena forte;EDUCAÇÃO/APRENDIZADO
serra espírito santo ali;ENTRETENIMENTO
famosa artesanato capim dourado;EDUCAÇÃO/APRENDIZADO
aconchegante belíssima atração igual;ESTETICA/CONTEMPLAÇÃO
estado estrada todo linda;ESTETICA/CONTEMPLAÇÃO
foto surpreende vê nadar;ESTETICA/CONTEMPLAÇÃO
maravilhosa vale pena todo;EVASÃO
embaixo ducha subida pedra;ENTRETENIMENTO
vê nadar igual estar;ENTRETENIMENTO
serra espírito santo horário;ENTRETENIMENTO
ótima local apreciar sol;ESTETICA/CONTEMPLAÇÃO
filme deus brasileiro água;EDUCAÇÃO/APRENDIZADO
limpa banco areia bem;ESTETICA/CONTEMPLAÇÃO
jalapão município mateiro to;EDUCAÇÃO/APRENDIZADO
lugar linda caminhada reserva;ESTETICA/CONTEMPLAÇÃO
local fácil acesso bem;ENTRETENIMENTO